post_title;comment_author;comment_text;comment_score;misogyny_prediction;hatespeech_prediction;irony_prediction;Anger;Disgust;Fear;Joy;Sadness
Multiplayer pubblica un articolo sul GamerGate. Nei commenti esplode la rabbia contro i giornalisti videoludici. È giunta l'ora di un GamerGate italiano visto che di porcherie ce n'è in abbondanza?;Ascz;Un mio caro amico lavora, retribuito, per una testata online di videogiochi di grande importanza e di vocazione molto generalista (io, che sono un hater, la definirei per niubbi, ma rispetto il suo lavoro). Se volesse, probabilmente potrebbe campare di questo. So di certo che da parte sua e sul suo fronte non è mai capitato nulla che facesse gridare al gamer-gate. Un paio di volte, però, gli sono stati sottobanco modificati, seppure poco, i voti finali del gioco che aveva recensito.;5;0;0;1;0;0;0;0;0
Multiplayer pubblica un articolo sul GamerGate. Nei commenti esplode la rabbia contro i giornalisti videoludici. È giunta l'ora di un GamerGate italiano visto che di porcherie ce n'è in abbondanza?;Whiskee;lol, Multiplayer.it;3;0;0;0;0;0;0;0;0
Multiplayer pubblica un articolo sul GamerGate. Nei commenti esplode la rabbia contro i giornalisti videoludici. È giunta l'ora di un GamerGate italiano visto che di porcherie ce n'è in abbondanza?;Deleted;Te sei ossessionato da sta stronzata del gamergate;14;0;0;1;0;1;0;0;0
Multiplayer pubblica un articolo sul GamerGate. Nei commenti esplode la rabbia contro i giornalisti videoludici. È giunta l'ora di un GamerGate italiano visto che di porcherie ce n'è in abbondanza?;Mechanicalmind;"""PARLIAMO DI PARANOIA""

qqq.

Ribadisco: l'ultima volta che ho ascoltato una recensione di ""professionisti"" e ""giornalisti"" del settore è stato quando avevo la PS1. E quelle degli utenti non le ho mai veramente ascoltate.";3;0;0;1;0;0;0;0;0
Multiplayer pubblica un articolo sul GamerGate. Nei commenti esplode la rabbia contro i giornalisti videoludici. È giunta l'ora di un GamerGate italiano visto che di porcherie ce n'è in abbondanza?;Banished_Peasant;Mai capita l'utilità dei recensori, ci si fa un'idea di gran lunga migliore leggendo le impressioni dei giocatori e/o guardando dei video di gameplay su yt.;3;0;0;1;0;0;0;0;0
Multiplayer pubblica un articolo sul GamerGate. Nei commenti esplode la rabbia contro i giornalisti videoludici. È giunta l'ora di un GamerGate italiano visto che di porcherie ce n'è in abbondanza?;ScarletIT;"Lol.. non l'avevo ancora visto questo sub Italiano. Io sono moderatore di un Sub di discussione tra gente pro e contro GamerGate, per quello sono finito quì.

E' pressochè la prima volta che sento parlare di GamerGate da Italiani ed in Italiano.

La questione merita una diacussione piuttosto approfondita prima di scagliarsi nel classico torneo di tiro della merda che c'è sempre in merito a GamerGate.

Non c'è una parte che è composta da maschilisti adolescenti, così come non c'è un altra parte composta da femministe con mire dittatoriali.
Entrambe le parti sono piuttosto sfaccettate.";1;0;0;1;0;1;0;0;0
Multiplayer pubblica un articolo sul GamerGate. Nei commenti esplode la rabbia contro i giornalisti videoludici. È giunta l'ora di un GamerGate italiano visto che di porcherie ce n'è in abbondanza?;zykzakk;"Lo sanno tutti che in realtà è partito tutto da un progetto della CIA sul controllo mentale, che ha dato fondi alla Quinn per fare Depression Quest, per studiare gli effetti dei videogiochi sulla salute mentale dei gamers, e poi una volta che è scoppiato il caso, per coprire il tutto, i federali hanno costretto non solo i vari giornali videoludici a prendersela con i gamers ma anche lo stesso moot a prendere delle SJW come mod.

C'era uno che diceva sta cosa, senza il minimo sarcasmo, in uno dei sub sull'argomento (non ricordo quale, e la ricerca di Reddit non aiuta).

Il problema è che stava a più di cento upvote.";1;0;0;1;0;0;0;0;0
Multiplayer pubblica un articolo sul GamerGate. Nei commenti esplode la rabbia contro i giornalisti videoludici. È giunta l'ora di un GamerGate italiano visto che di porcherie ce n'è in abbondanza?;Splatterh0use;Ci sono sempre stati anche gli stereotipi maschili nei videogiochi, ma nessuno ne ha fatto una tragedia. ;1;0;0;0;0;0;0;0;0
Multiplayer pubblica un articolo sul GamerGate. Nei commenti esplode la rabbia contro i giornalisti videoludici. È giunta l'ora di un GamerGate italiano visto che di porcherie ce n'è in abbondanza?;Chobeat;"Beh i voti modificati sono lo standard quasi ovunque. Fonte: ho scritto di videogiochi per un tot. 

Io parlo di finanziamenti, collusioni tra distributori e siti, mafie varie, sfruttamento di redattori da parte di zombie di metallo (coff coff) ecc ecc.";5;0;0;1;0;0;0;0;0
Multiplayer pubblica un articolo sul GamerGate. Nei commenti esplode la rabbia contro i giornalisti videoludici. È giunta l'ora di un GamerGate italiano visto che di porcherie ce n'è in abbondanza?;Chobeat;"Mi sento coinvolto e quando posso cerco di fare informazione ed engagement. Questo è essere ossessionati?

È una questione che mi sta a cuore perché anche io scrivevo di videogiochi e so quanta melma c'è nell'ambiente.

";5;0;0;1;0;0;0;0;0
Multiplayer pubblica un articolo sul GamerGate. Nei commenti esplode la rabbia contro i giornalisti videoludici. È giunta l'ora di un GamerGate italiano visto che di porcherie ce n'è in abbondanza?;Emanuele676;"Infatti secondo me tutta la vicenda non ha senso.
Se i videogiocatori vedono le recensioni e in base al voto comprano o meno il gioco e alcune aziende pagano per falsare i voti, c'è una soluzione semplicissima per fermare tutto questo.
Non comprare il gioco in base ai voti.";1;0;0;0;0;0;0;0;0
Multiplayer pubblica un articolo sul GamerGate. Nei commenti esplode la rabbia contro i giornalisti videoludici. È giunta l'ora di un GamerGate italiano visto che di porcherie ce n'è in abbondanza?;Chobeat;"Perché in teoria dei ""professionisti"" con conoscenze e palato videoludico superiori alla media dovrebbero essere in grado di dare giudizi qualitativamente migliori su un gioco, sia in generale che per uno specifico gusto. Di queste persone, nel giornalismo videoludico ce ne sono pochissime, spesso relegate ad una nicchia e ostracizzate dal giornalismo mainstream che ha altri interessi.";1;0;0;0;0;0;0;0;0
Multiplayer pubblica un articolo sul GamerGate. Nei commenti esplode la rabbia contro i giornalisti videoludici. È giunta l'ora di un GamerGate italiano visto che di porcherie ce n'è in abbondanza?;Mechanicalmind;il primo segno di cazzata è che la CIA non ha il permesso di operare su suolo americano, e il gamergate è scoppiato perlopiù su suolo USA.;1;0;0;1;0;1;0;0;0
Multiplayer pubblica un articolo sul GamerGate. Nei commenti esplode la rabbia contro i giornalisti videoludici. È giunta l'ora di un GamerGate italiano visto che di porcherie ce n'è in abbondanza?;McNorch;">collusioni tra distributori e siti.

siti come pocketgamer hanno un vero e proprio tariffario... e lo dico perché ne ho avuto a che fare.

Comunque, io pensavo sto gamergate fosse partito in tempi non sospetti quando la Sarkesian (?) aveva chiesto/truffato soldi per comprare i giochi per questo gran documentario sul femminismo nei videogame, li sono iniziate le prime ""trollate"" e l'odio di 4chan. Poi é uscito tutto il resto, la storia dei reviewer e i distributori e la sarkesian e la wu hanno gettato ancora piú benzina sul fuoco con le solite minchiate ultrafemministe aumentando lo shitstorm e attirando ancora piú teste di cazzo. ";7;0;0;1;0;0;0;0;0
Multiplayer pubblica un articolo sul GamerGate. Nei commenti esplode la rabbia contro i giornalisti videoludici. È giunta l'ora di un GamerGate italiano visto che di porcherie ce n'è in abbondanza?;impiegato_statale;"> Mi sento coinvolto

Più o meno come un tifoso potrebbe sentirsi coinvolto quando la sua squadra finisce nei guai ";6;0;0;0;0;0;0;0;0
Multiplayer pubblica un articolo sul GamerGate. Nei commenti esplode la rabbia contro i giornalisti videoludici. È giunta l'ora di un GamerGate italiano visto che di porcherie ce n'è in abbondanza?;Deleted;"E non ti preoccupa il fatto che associato al gamergate c'è una melma crescente di tutt'altra natura? Fatta di minacce di morte, siti defacciati e bullismi maschilisti da quarta elementare? Almeno evitate di dargli quel nome orrendo.

Tra l'altro tutto per la scoperta dell'acqua calda, robe note e stranote che non dovrebbero scandalizzare nessuno che ha più di sedici anni.";0;0;0;1;1;1;0;0;0
Multiplayer pubblica un articolo sul GamerGate. Nei commenti esplode la rabbia contro i giornalisti videoludici. È giunta l'ora di un GamerGate italiano visto che di porcherie ce n'è in abbondanza?;PensiveSteward;ostacizzate addirittura ?;2;1;1;0;0;0;0;0;0
Multiplayer pubblica un articolo sul GamerGate. Nei commenti esplode la rabbia contro i giornalisti videoludici. È giunta l'ora di un GamerGate italiano visto che di porcherie ce n'è in abbondanza?;zykzakk;Esattamente. E se questo è il tipo di gente che si interessa al gamergate...;1;0;0;1;0;0;0;0;0
Multiplayer pubblica un articolo sul GamerGate. Nei commenti esplode la rabbia contro i giornalisti videoludici. È giunta l'ora di un GamerGate italiano visto che di porcherie ce n'è in abbondanza?;Chobeat;La fase 1 è partita prima, con le porcate della Quinn che erano pochissima roba. Poi c'è stata la Sarkeesian che comunque si era inculata parecchi soldi ed era molto più ammanicata della Quinn. Lì il Gamergate è diventata una roba mezza-seria. Poi ha iniziato a tirar dentro sempre più gente e a far uscire sempre più roba. Io son stato coinvolto in questa fase (infatti della Quinn so poco e niente). Adesso che si punta in alto, la Quinn è dimenticata, la Sarkeesian e la Wu quasi dimenticate (anche se continuano a far casino per rimanere al centro della scena) e il focus è sui siti collusi nella loro interezza.;2;0;0;1;0;0;0;0;0
Multiplayer pubblica un articolo sul GamerGate. Nei commenti esplode la rabbia contro i giornalisti videoludici. È giunta l'ora di un GamerGate italiano visto che di porcherie ce n'è in abbondanza?;Chobeat;"Beh no. Non è lo stesso. È una battaglia culturale che si combatte su mille campi e adesso è arrivata anche in un campo di cui mi sento culturalmente parte, ovvero quello dei videogiocatori. 

http://ilreietto.com/2014/10/19/dear-gamers/";1;0;0;0;0;0;0;0;0
Multiplayer pubblica un articolo sul GamerGate. Nei commenti esplode la rabbia contro i giornalisti videoludici. È giunta l'ora di un GamerGate italiano visto che di porcherie ce n'è in abbondanza?;Chobeat;">E non ti preoccupa il fatto che associato al gamergate c'è una melma crescente di tutt'altra natura? Fatta di minacce di morte, siti defacciati e bullismi maschilisti da quarta elementare? Almeno evitate di dargli quel nome orrendo.

Ma infatti io sono anti-sjw. Condanno la violenza ma il GamerGate non può passare la giornata a piangersi addosso per la violenza che subisce, per il doxxing o le minacce delle femministe. Son già partite dozzine di denunce e se ne occuperà la polizia. Le femministe violente tipo la Sarkeesian o la Wu ormai son passate in secondo piano e sono irrilevanti nel discorso GamerGate. Non si può lasciare che queste proto-fasciste illiberali dettino il ritmo del discorso, i siti e le loro porcate devono rimanere al centro del discorso.

>Tra l'altro tutto per la scoperta dell'acqua calda, robe note e stranote che non dovrebbero scandalizzare nessuno che ha più di sedici anni.

Certo che son note, in Italia son pure peggio. Ma già che per una volta si fa qualcosa per pulire il marciume, tra l'altro con già dei risultati, do una mano. È proprio da italiano medio farsi andar bene le porcate altrui senza fiatare.";1;0;0;0;0;1;0;0;0
Multiplayer pubblica un articolo sul GamerGate. Nei commenti esplode la rabbia contro i giornalisti videoludici. È giunta l'ora di un GamerGate italiano visto che di porcherie ce n'è in abbondanza?;Chobeat;Pian pianino, un rifiuto alla volta, una non-risposta qua e là...;1;0;0;0;0;0;0;0;0
Multiplayer pubblica un articolo sul GamerGate. Nei commenti esplode la rabbia contro i giornalisti videoludici. È giunta l'ora di un GamerGate italiano visto che di porcherie ce n'è in abbondanza?;Valluan;">Esattamente. E se questo è il tipo di gente che si interessa a [inserisci argomento a piacere qui]...

Renditi conto di quanto sia vaga e inconsistente la frase che hai scritto.";0;0;0;1;0;0;0;0;0
Multiplayer pubblica un articolo sul GamerGate. Nei commenti esplode la rabbia contro i giornalisti videoludici. È giunta l'ora di un GamerGate italiano visto che di porcherie ce n'è in abbondanza?;McNorch;Ma sta roba dei siti, almeno per quanto riguarda le relazioni con i grandi publisher come hai giá detto é cosa nota, io non capisco dove sia il grande scandalo, una reazione del genere me la sarei aspettata piú dopo il #doritosgate o #doritopoli (visto che continuiamo a usare i cancelli e gli opoli per descrivere ste situazioni).  ;5;0;0;1;0;1;0;0;0
Multiplayer pubblica un articolo sul GamerGate. Nei commenti esplode la rabbia contro i giornalisti videoludici. È giunta l'ora di un GamerGate italiano visto che di porcherie ce n'è in abbondanza?;Deleted;"Grazie per il link al blog lolloso. 

Non in modo positivo.";3;0;0;1;0;0;0;0;0
Multiplayer pubblica un articolo sul GamerGate. Nei commenti esplode la rabbia contro i giornalisti videoludici. È giunta l'ora di un GamerGate italiano visto che di porcherie ce n'è in abbondanza?;impiegato_statale;Delle 2 l'una. O ti hanno dato dei soldi per recensire (e allora sei coinvolto per davvero e stai usando  questo post per confessarlo) oppure ti senti coinvolto in quanto video giocatore, quindi più o meno come un tifoso, come dicevo prima. ;3;0;0;1;1;1;0;0;0
Multiplayer pubblica un articolo sul GamerGate. Nei commenti esplode la rabbia contro i giornalisti videoludici. È giunta l'ora di un GamerGate italiano visto che di porcherie ce n'è in abbondanza?;Deleted;Ecco appunto. Le femministe violente (quelle che devono scappare di casa perché gli hanno scoperto l'indirizzo). Le fasciste tipo la sarkeesian, colpevole solo di avere delle opinioni stupide. No, è troppo, abandon thread. E ribadisco che peggio delle sjw ci sono solo gli anti-sjw.;1;0;0;1;1;1;0;0;0
Multiplayer pubblica un articolo sul GamerGate. Nei commenti esplode la rabbia contro i giornalisti videoludici. È giunta l'ora di un GamerGate italiano visto che di porcherie ce n'è in abbondanza?;zykzakk;"Lo è, in effetti. Quello che cercavo di dire, provando a spiegarmi meglio, è che, a prescindere dalle eventuali mele marce nel ""movimento"", che possono anche essere tutti troll che si divertono a screditare gli altri con minacce e sessismo vario, mi sembra che il resto sia più vicino al ragazzino di 14 anni che commenta il post di multiplayer.it con un meme che non a un giornalista d'assalto (si, lo so, è una generalizzazione terribile ma è l'impressione che ne ho ricavato io, e spero seriamente di starmi sbagliando)";1;0;0;1;0;0;0;0;0
Multiplayer pubblica un articolo sul GamerGate. Nei commenti esplode la rabbia contro i giornalisti videoludici. È giunta l'ora di un GamerGate italiano visto che di porcherie ce n'è in abbondanza?;Chobeat;"Ma infatti l'innesco non è stato il fatto in sè ma il fatto che la Sarkeesian, invece di far finta di nulla e far sgonfiare la cosa quando è stata sgamata ad intascarsi i soldi, ha chiamato i suoi amichetti e ha detto: ""WAR ON VIRGIN GAMEEURZ !!!11!"". Questo ha stimolato la categoria ad unirsi e coalizzarsi prima contro la Sarkeesian e i suoi amici che avevano scritto gli ormai famosi 13 articoli sui 13 siti e successivamente a far proprie le istanze del GG originale. In buona parte è stato un mix di errori grossolani della Sarkeesian che è totalmente ignara di tutto il mondo del gaming e di come funzioni e una concomitanza di porcate da parte di altri.

Nella mia rilettura, l'innesco sta lì. Senza la reazione della Sarkeesian non ci sarebbe stato niente.";1;0;0;0;0;0;0;0;0
Multiplayer pubblica un articolo sul GamerGate. Nei commenti esplode la rabbia contro i giornalisti videoludici. È giunta l'ora di un GamerGate italiano visto che di porcherie ce n'è in abbondanza?;allak;"E l'articolo precedente del blog parla di come Ebola sia un hoax.

Seriously. Lolloso in maniera molto deprimente.";2;0;0;1;0;0;0;0;0
Multiplayer pubblica un articolo sul GamerGate. Nei commenti esplode la rabbia contro i giornalisti videoludici. È giunta l'ora di un GamerGate italiano visto che di porcherie ce n'è in abbondanza?;Chobeat;"Sì ma quella dei ""videogiocatori"" non è una fazione, è quello che ti sto dicendo. È una categoria. ";1;0;0;0;0;1;0;0;0
Multiplayer pubblica un articolo sul GamerGate. Nei commenti esplode la rabbia contro i giornalisti videoludici. È giunta l'ora di un GamerGate italiano visto che di porcherie ce n'è in abbondanza?;Chobeat;">Ecco appunto. Le femministe violente (quelle che devono scappare di casa perché gli hanno scoperto l'indirizzo).

Nel caso della Sarkeesian si è scoperto che era un fake e non ha mai sporto denuncia. Nel caso della Wu anche lei ha ammesso che non ci sono legami con il Gamergate.

>Le fasciste tipo la sarkeesian, colpevole solo di avere delle opinioni stupide.

Opinioni illiberali, sessiste e razziste, che han dato vita ad una campagna di aggressioni da squadrismo digitale. Senza contare le continue censure sui siti conniventi, cosa che nella galassia delle community pro-GG è severamente proibita in nome della libertà di parola.

>No, è troppo, abandon thread. E ribadisco che peggio delle sjw ci sono solo gli anti-sjw.

Capisco perché empatizzi con loro: dividi il mondo in classi e ti spaventa il dialogo.";0;0;0;0;0;0;0;0;0
Multiplayer pubblica un articolo sul GamerGate. Nei commenti esplode la rabbia contro i giornalisti videoludici. È giunta l'ora di un GamerGate italiano visto che di porcherie ce n'è in abbondanza?;impiegato_statale;Quindi se domani esce un italiangate tu ti senti coinvolto in quanto italiano. Per dirla come i trettrè me pare 'na strunzata ;6;0;0;1;0;1;0;0;0
Multiplayer pubblica un articolo sul GamerGate. Nei commenti esplode la rabbia contro i giornalisti videoludici. È giunta l'ora di un GamerGate italiano visto che di porcherie ce n'è in abbondanza?;Deleted;"Quello che spalleggia gli hackeretti quattordicenni arrabbiati con la sarkeesian dice a me che sono contro al dialogo. Ha ragione lei, tutto sommato, i gamer come community sono maschilisti e infantili. E finché continuate a prendervela con lei solo perché ha delle opinioni che non vi piacciono (non è ASSOLUTAMENTE vero che le minacce di morte che ha ricevuto siano false), non migliorerete mai.

L'unica cosa che sto tirando fuori da questo gamergate dei miei coglioni è che purtroppo per colpa del fatto che sono molto appassionato di videogame sono condannato ad essere confuso con una sottocultura che mi fa vergognare.

E stavolta abbandono la discussione davvero.";6;0;0;0;1;1;0;0;0
Multiplayer pubblica un articolo sul GamerGate. Nei commenti esplode la rabbia contro i giornalisti videoludici. È giunta l'ora di un GamerGate italiano visto che di porcherie ce n'è in abbondanza?;Aschenruh;"> > Nel caso della Sarkeesian si è scoperto che era un fake e non ha mai sporto denuncia.

Ti riferisci a quel tipo che ha telefonato alla polizia come un cretino per chiedere informazioni sul caso e a cui giustamente hanno risposto di non sapere nulla? Guarda che le minacce erano vere e la polizia sta ancora indagando. E che cazzo...

[Fonte](http://www.escapistmagazine.com/news/view/137521-FBI-Investigates-Death-Threats-of-Sarkeesian)";2;0;0;1;0;0;0;0;0
Multiplayer pubblica un articolo sul GamerGate. Nei commenti esplode la rabbia contro i giornalisti videoludici. È giunta l'ora di un GamerGate italiano visto che di porcherie ce n'è in abbondanza?;Chobeat;Quello si chiama patriottismo e non è nulla di particolarmente nuovo.;0;0;0;1;0;0;0;0;0
Multiplayer pubblica un articolo sul GamerGate. Nei commenti esplode la rabbia contro i giornalisti videoludici. È giunta l'ora di un GamerGate italiano visto che di porcherie ce n'è in abbondanza?;stefantalpalaru;"> i gamer come community sono maschilisti e infantili

...e i comunisti mangiano bambini";4;0;0;1;0;0;0;0;0
Multiplayer pubblica un articolo sul GamerGate. Nei commenti esplode la rabbia contro i giornalisti videoludici. È giunta l'ora di un GamerGate italiano visto che di porcherie ce n'è in abbondanza?;postmoderno;"ti ho dato il gold per questo commento perche' corrisponde in toto all'opinione che mi sono fatto io. anchio amo i videogiochi ma mi vergogno di tutta quella sottocultura adolescenziale che la circonda e che purtroppo spesso ne detta anche le esigenze di mercato.

Aggiungo anche una cosa. Le critiche della Sarkeesian (fatte bene o male questo e' un'altra faccenda) in altri media artistici sono diffuse e presenti da quasi 40 anni. Possiamo appunto discutere se le critiche in se sono valide o no, ma il framework teorico di feminist critical theory c'e' appunto da 40 anni ed e' AMPIAMENTE accettato e condiviso in qualunque altro medium. 

Quando Laura Mulvey ha introdotto il concetto di ""Male Gaze"" nella critica cinematografica nessuno e' impazzito di rabbia o la Mulvey non ha ricevuto minacce di morte (ci mancherebbe). Quando Haraway ha teorizzato il cyborg post-femminista/ post-umano come paradigma culturale nessuno ha scritto paginate di odio e porchidii. Quando Judith Halberstam parla di queer theory nelle commedie collegiali americane, nessuno si sognerebbe di impazzire di livore e di chiamare crociate culturali a difesa del medium e dell'audience cinematografica. La cultura cinematografica, teatrale, letteraria, delle arti visuali, cerca di capire e recepire questo tipo di pensieri e di farli propri. PERCHE' QUESTO INVECE NON CAPITA CON I VIDEOGIOCHI? perche' si inizia un conflitto violento contro la possibile ricezione delle istanze femministe? 

E' totalmente inutile parlare di elevare il videogioco ad arte se poi non lo si puo' trattare come tale.";3;0;0;0;0;0;0;0;0
Multiplayer pubblica un articolo sul GamerGate. Nei commenti esplode la rabbia contro i giornalisti videoludici. È giunta l'ora di un GamerGate italiano visto che di porcherie ce n'è in abbondanza?;Chobeat;">non è ASSOLUTAMENTE vero che le minacce di morte che ha ricevuto siano false

Puoi provarlo? Puoi provare che le minacce che le sono state fatte, sono state fatte da una persona fortemente coinvolta nel gamergate per questioni legate alle sue opinioni? Dubito. E in ogni caso le tue capacità psioniche farebbero molto comodo all'umanità, dovresti metterle al servizio di tutti. 

Senza contare  che su un movimento con decine di migliaia di attivisti e centinaia di migliaia di simpatizzanti, l'operato di 3-4 persone deviate non sarebbe comunque significativo. È come giudicare i Toscani guardando Pacciani o i biondi guardando Breivik.

Poi io son femminista e su molte idee sono sulla stessa linea della Sarkeesian: proprio per questo voglio che venga obliterata insieme alle altre. Il fatto che la gente associ ""femmina nel mondo dell'informatica"" a ""delinquente violenta e irrazionale"", come femminista, non mi fa granché piacere come non fa piacere alla sempre più folta schiera di videogiocatrici femministe, game developer femministe e donne in generale che stanno entrando nel Movimento GamerGate.

>L'unica cosa che sto tirando fuori da questo gamergate dei miei coglioni è che purtroppo per colpa del fatto che sono molto appassionato di videogame sono condannato ad essere confuso con una sottocultura che mi fa vergognare.

Questo è un risultato della dialettica violenta e discriminatoria delle SJW per cui se sei uomo sei un problema, se sei bianco sei privilegiato e se sei videogiocatore sei un verginello frustrato. Fare di tutta l'erba un fascio è una tecnica loro e la colpa è loro. Non di chi va per la propria strada per far valere i propri diritti di consumatore.";1;0;0;0;0;0;0;0;0
Multiplayer pubblica un articolo sul GamerGate. Nei commenti esplode la rabbia contro i giornalisti videoludici. È giunta l'ora di un GamerGate italiano visto che di porcherie ce n'è in abbondanza?;Emanuele676;"> (non è ASSOLUTAMENTE vero che le minacce di morte che ha ricevuto siano false)

C'entra relativamente, ma conosci Caterina Simonsen? La minacciano talmente tanto che in proporzione dovrebbe girare con la scorta. Potrebbero essere anche vere, il problema è se sono fondate o meno.

> i gamer come community sono maschilisti e infantili.

Ovvio, la maggior parte sono maschi e adolescenti. Non vedo cosa c'è di strano. La maggior parte di chi ascolta JB, 1D o cose del genere sono ragazze. Facciamo una campagna per aumentare il numero di maschi?
";0;0;0;1;0;0;0;0;0
Multiplayer pubblica un articolo sul GamerGate. Nei commenti esplode la rabbia contro i giornalisti videoludici. È giunta l'ora di un GamerGate italiano visto che di porcherie ce n'è in abbondanza?;Emanuele676;Cioè sta indagando la polizia federale? Le hanno inviato un pacco bomba?;1;0;0;1;0;0;0;0;0
Multiplayer pubblica un articolo sul GamerGate. Nei commenti esplode la rabbia contro i giornalisti videoludici. È giunta l'ora di un GamerGate italiano visto che di porcherie ce n'è in abbondanza?;Chobeat;No, quella era una cazzata. C'erano dei tweet paraculi suoi dove diceva che non voleva perseguire la cosa. Non ha sporto denuncia nemmeno per la cosa della conferenza dove si parlava di stragi. Figurati...;0;0;0;0;1;1;0;0;0
Multiplayer pubblica un articolo sul GamerGate. Nei commenti esplode la rabbia contro i giornalisti videoludici. È giunta l'ora di un GamerGate italiano visto che di porcherie ce n'è in abbondanza?;impiegato_statale;Si chiama sentirsi al centro del mondo e delle discussioni anche quando non c'entri nulla ;11;0;0;0;0;0;0;0;0
Multiplayer pubblica un articolo sul GamerGate. Nei commenti esplode la rabbia contro i giornalisti videoludici. È giunta l'ora di un GamerGate italiano visto che di porcherie ce n'è in abbondanza?;Deleted;"grazie, è il mio primo gold su italy.

E hai ragionissima su tutta la linea. Purtroppo la critica videoludica è molto immatura secondo me proprio a causa dell'utenza, che rifiuta di ricercare autorevolezza e godere di una discussione critica sul videogioco (che allargherebbe il discorso senza vedere il tutto in termini di bello/brutto e giusto/sbagliato), ma si limita a voler ricercare disperatamente una oggettività dei giudizi che risponda solo alla domanda ""lo compro o no?"". Il risultato è un campo ristrettissimo di dialogo, un orizzonte che finisce sul proprio naso, e un ambiente tossico e invidioso, in cui chiunque non entri in punta di piedi rispettando le maschie gerarchie (come ha fatto la Sarkeesian, al di là della puntualità delle sue teorie) viene preso a sassate. ";2;0;0;0;0;0;0;0;0
Multiplayer pubblica un articolo sul GamerGate. Nei commenti esplode la rabbia contro i giornalisti videoludici. È giunta l'ora di un GamerGate italiano visto che di porcherie ce n'è in abbondanza?;FaberJax00;Chiedo per pura curiosità su un punto che non ho mai capito: Perchè si buole trattare il videogioco come arte? Intendo, perchè non lo si può trattare semplicemente come un hobby? Un hobby complicatissimo, a cui ruota attorno un'industria enorme, ma perchè non può semplicemente essere ciò? Dove sarebbe il problema?;1;0;0;0;0;0;0;0;0
Multiplayer pubblica un articolo sul GamerGate. Nei commenti esplode la rabbia contro i giornalisti videoludici. È giunta l'ora di un GamerGate italiano visto che di porcherie ce n'è in abbondanza?;Deleted;"Quindi tu sostieni che è sicuramente un fake e io devo dimostrare che non lo è?. L'inversione dell'onere della prova è notevole.

Per il resto mi dispiace ma non hai capito nulla, la chiusura sul maschio bianco è delirante. Confondi mille cose insieme e fai un minestrone di queste poverette che stanno subendo cose abnormi per colpa di quattro scemi pericolosi, difesi e spalleggiati da gente come te. E le mischi con le rivendicazioni da tumblr (hai letto troppo tumblrinaction) e con generiche frustrazioni da nerd.

Mi dispiace, per altre cose mi sei simpatico, ma su questo argomento sembri non capire nulla, parti come un toro che vede rosso ed è fin troppo evidente che hai un qualche rancore inespresso che adesso cerchi di sfogare a casaccio.

Pace e bene.";4;1;0;0;0;1;0;0;0
Multiplayer pubblica un articolo sul GamerGate. Nei commenti esplode la rabbia contro i giornalisti videoludici. È giunta l'ora di un GamerGate italiano visto che di porcherie ce n'è in abbondanza?;Deleted;Maschi e maschilisti sono due cose diverse. Buona fortuna con la vostra caccia alle streghe.;2;1;0;1;0;0;0;0;0
Multiplayer pubblica un articolo sul GamerGate. Nei commenti esplode la rabbia contro i giornalisti videoludici. È giunta l'ora di un GamerGate italiano visto che di porcherie ce n'è in abbondanza?;Aschenruh;http://www.reddit.com/r/conspiracy/ sta da questa parte... buon divertimento.;1;1;0;0;0;0;0;0;0
Multiplayer pubblica un articolo sul GamerGate. Nei commenti esplode la rabbia contro i giornalisti videoludici. È giunta l'ora di un GamerGate italiano visto che di porcherie ce n'è in abbondanza?;mucco;Devi piantarla di dire cose sensate e ricominciare con le tue trollate di bassa lega, stai prendendo troppi upvote;1;1;0;1;0;0;0;0;0
Multiplayer pubblica un articolo sul GamerGate. Nei commenti esplode la rabbia contro i giornalisti videoludici. È giunta l'ora di un GamerGate italiano visto che di porcherie ce n'è in abbondanza?;postmoderno;"assolutamente nessun problema. normalmente nessuno considera il calcio arte, nonostante ne venga riconosciuta la complessita' culturale/tecnica e le emozioni di massa che trasmette. Idem per moto/automobili/software/giochi da tavolo/ e un'altra marea di attivita' umane che normalmente non vengono trattate come arte nonostante abbiano impatti profondi sulla vita culturale dei popoli.

se non vuoi considerare il videogioco come una forma espressiva potenzialmente artistica sei liberissimo di farlo. Salvo rare eccezioni il videogioco non e' arte. O almeno, non ancora. Ma se uno vuole iniziare un tipo di critica culturalogica / artistica, deve essere libero di farlo. Esistono gia' da anni riviste accademiche a riguardo [una pure in italia] (http://www.gamejournal.it/) che dimostrano come sia possibile includere il videogioco in determinate analisi culturali e io credo che sia una strada giusta.

inoltre aggiungo, che sia arte o meno passa in secondo piano quando facciamo un'analisi socioculturale, poiche' appunto volenti o nolenti il videogioco rispecchia e allo stesso tempo partecipa alla cultura di massa.

cioe' se domani mi gira bene e voglio scrivere un articolo che rilegge assassin creed come un device de-coloniale e voglio tracciare dei paralleli con La battaglia di algeri di Gillo Pontecorvo, vorrei non solo essere libero di farlo, ma preferirei che le (giuste perche' sarebbe una cagata) critiche al mio lavoro vengano fatte all'interno di quel framework li' e non proprio sulla mia legittimita' o meno di scrivere riguardo a quell'argomento. si capisce?";2;0;0;0;0;0;0;0;0
Multiplayer pubblica un articolo sul GamerGate. Nei commenti esplode la rabbia contro i giornalisti videoludici. È giunta l'ora di un GamerGate italiano visto che di porcherie ce n'è in abbondanza?;Chobeat;">Mi dispiace, per altre cose mi sei simpatico, ma su questo argomento sembri non capire nulla, parti come un toro che vede rosso ed è fin troppo evidente che hai un qualche rancore inespresso che adesso cerchi di sfogare a casaccio.

Ma il mio rancore è palese ed espresso benissimo: la Sarkeesian sfrutta il femminismo e le tematiche correlate per farsi i soldi a discapito delle donne nella industry dove anche io lavoro e che vedo far fatica tutti i giorni. Altro che rancore inespresso. Questa qui la mattina si sveglia e si inventa un motivo per urlare ""GamerGate merda, maschi bianchi sfigati gne gne gne"" solo per farsi dare addosso e continuare a rimanere al centro dell'attenzione, cosa che le porta visibilità e quindi soldi. Lo stesso vale per le questioni inerenti alla corruzione nel mondo del giornalismo videoludico: io ci ho scritto per anni e ho visto le peggio porcherie, che facevano passare davanti i conniventi e filtravano chi voleva fare buon giornalismo. Io me ne son tirato fuori, altri di quelli che eran con me l'han scelto come percorso di vita e li vedo tutt'oggi far fatica. 

In generale, in un'ottica più ampia, non voglio un mondo dominato dalle liste di proscrizione in cui le parole di una persona influente (o semplicemente rumorosa) possano decidere cosa è giusto e cosa è sbagliato, chi vive e chi muore. Non sarebbe un bel mondo e chi cerca di farlo già adesso, seppur in piccolo, va osteggiato. Magari è una deriva inevitabile, anzi, è probabile, ma voglio avere la coscienza pulita e sapere di averci almeno provato, nel limite delle mie possibilità.";1;1;0;0;0;0;0;0;0
Multiplayer pubblica un articolo sul GamerGate. Nei commenti esplode la rabbia contro i giornalisti videoludici. È giunta l'ora di un GamerGate italiano visto che di porcherie ce n'è in abbondanza?;Deleted;[deleted];1;1;0;1;0;0;0;0;0
Multiplayer pubblica un articolo sul GamerGate. Nei commenti esplode la rabbia contro i giornalisti videoludici. È giunta l'ora di un GamerGate italiano visto che di porcherie ce n'è in abbondanza?;Chobeat;Argomentazioni forti...;1;1;0;0;0;0;0;0;0
Multiplayer pubblica un articolo sul GamerGate. Nei commenti esplode la rabbia contro i giornalisti videoludici. È giunta l'ora di un GamerGate italiano visto che di porcherie ce n'è in abbondanza?;FaberJax00;"Infatti io non andavo a sindacare la leggitimità degli articoli, bensì semplicemente la nozione di videogioco come arte. Questa mi sta sempre più dando fastidio, perchè lentamente porta a creare sempre più spesso videogiochi cinematografici, sempre più con un focus su una trama hollywoodiana rispetto che ad un gameplay solido ed una trama interessante (Per me è stato così per Mass Effect 2 e 3, ad esempio). 

Riguardo alla storia delle minacce di morte infatti preferirei non metterci bocca, perchè la guerra fra poveri fra una truffatrice e dei tredicenni mi sembra tutto tranne che interessante. 

Secondo me è tutta colpa di Big Bang Theory, rendere commerciali i ""Nerd"" e i ""Gamer"" è stata probabilmente la peggior influenza che una commedia di basso livello abbia dato alla società.

Ps. L'ultima parte é solo semiseria,  BBT ha sicuramente contribuito a far crescere la cultura ""Nerd"" ma è più il mio odio per la serie a parlare ";1;0;0;0;0;0;0;0;0
Multiplayer pubblica un articolo sul GamerGate. Nei commenti esplode la rabbia contro i giornalisti videoludici. È giunta l'ora di un GamerGate italiano visto che di porcherie ce n'è in abbondanza?;Splatterh0use;"La Sarkeesian non mi convince, anche Rebecca Watson ha fatto del suo meglio per attirare l'attenzione e sfruttare il femminismo per farsi pubblicita'. Vedi il caso _Thunderfoot-PZ Meyers-Rebecca Watson_.

";1;1;0;1;0;0;0;0;0
Multiplayer pubblica un articolo sul GamerGate. Nei commenti esplode la rabbia contro i giornalisti videoludici. È giunta l'ora di un GamerGate italiano visto che di porcherie ce n'è in abbondanza?;Deleted;Poche idee ma confuse.;2;1;0;0;0;0;0;0;0
Multiplayer pubblica un articolo sul GamerGate. Nei commenti esplode la rabbia contro i giornalisti videoludici. È giunta l'ora di un GamerGate italiano visto che di porcherie ce n'è in abbondanza?;postmoderno;l'appiattimento della narrazione videoludica sui modelli dei film hollywoodiani e' deprimente e sono d'accordissimo con te. La mia umilissima opinione e' che l'arte videoludica stia nell'astrazione dalla narrazione e nell'interattivita' pura. Per quanto mi riguarda, Tetris e Minecraft sono arte, Mass Effect non lo e'. ;3;0;0;0;0;0;0;0;0
Multiplayer pubblica un articolo sul GamerGate. Nei commenti esplode la rabbia contro i giornalisti videoludici. È giunta l'ora di un GamerGate italiano visto che di porcherie ce n'è in abbondanza?;Emanuele676;"> Tetris e Minecraft sono arte

Giocando o programmandoli?";1;0;0;1;0;0;0;0;0
#gamergate in Italia;terzogiro;Io so che c'è stato qualcosa, so che coinvolge una ragazza che sviluppa videogiochi e Morgan Freeman nella parte di Albert Einstein. Per il resto sono incuriosito e apprezzerei un riassunto.;8;0;0;1;0;0;0;0;0
#gamergate in Italia;ionizzatore;"*Premessa*: non frequento troppi siti di informazione ""gamer"". Sono un discreto videogiocatore (almeno un'oretta quasi tutte le sere, venerdí e sabato sera appuntamento fisso con tastiera e mouse, nel weekend qualche partita anche durante il giorno) ma ho sempre considerato chi frequenta quel genere di siti ""troppo invasato"" (se uno vuole fare ""l'ennesimo fps"" puó farlo, se non ti piace non lo compri, non c'é bisogno di inondare la sezione commenti col tuo odio radical chic). Per lo stesso motivo mi tengo alla larga da forum e da discussioni che tendono troppo verso il ""hurr durr, pc master race, console paesant, non ci sono piú i gameZ di una volta, una volta li facevano bene i gameZ, una volta c'era il gameplay nei gameZ"".

E ora via!

> Quanti di voi sono a conoscenza della questione?

+1!

> Qualche sito italiano che conoscete ha preso posizione?

Come ho detto, tendo a stare distante dai siti di informazione di quel tipo e generalmente leggo siti americani (rigorosamente evitando i commenti).

> Qual è la vostra?

Non é una grandissima sorpresa, nel senso che si sa che la stampa é in qualche modo ""venduta"". Non fraintendetemi, non sto dicendo che tutti scrivono quello che vuole il miglior offerente, sto dicendo che se si presenta il signor EA che dice ""fammi una recensione, eccoti 200mila euro"" la rivista fa la recensione del gioco della EA anziché fare la recensione dell'ennesimo gioco top-down indie. Sostituite ""200mila euro"" con ""figa"" e ""recensione del gioco della ea anziché l'ennesimo top-down indie"" con ""recensione dell'ennesimo top-down indie anziché l'ennesimo top-down indie"". Volendo potete anche sostituire ""recensione"" con ""promessa di pubblicare/pubblicizzare""

Il riassunto é che mi fanno un pochino schifo sia quelli che scrivono dietro ""compenso"" sia quelli che offrono il suddetto compenso. 

> E qual è il vostro grado di informazione su quanto sta succedendo?

Ho seguito le prime notizie, poi meno.

Come ho detto la mia idea é che certi posti sono ""al soldo delle corporazioni"" ed altri sono posti dove ci si fa i pompini a vicenda su quanto sia bello essere indie e quanto sia figo avere la grafica pixellosa, quindi a parte qualche notizia ""per curiositá"" non ho cercato approfondimenti.";4;0;0;1;0;0;0;0;0
#gamergate in Italia;mariuzzo;ELI5?;5;1;0;1;0;0;0;0;0
#gamergate in Italia;stefantalpalaru;Se non toccano il sacro tetris possono scoparsi le finte creatrici di finti giochi e scrivere i loro finti articoli come e quando vogliono.;5;1;1;1;0;0;0;0;0
#gamergate in Italia;ilbuffer;"Quale questione?

Su cosa?

Ma riguardo a cosa?

Cosa sta succedendo?";7;0;0;0;0;0;0;0;0
#gamergate in Italia;Deleted;[deleted];3;1;0;1;0;0;0;0;0
#gamergate in Italia;lucretiusT;"TL:DR degli aggiornamenti per chi fosse rimasto indietro (Premetto che seguo questa telenovela solo molto marginalmente).

Si scopre che gli Editor di una serie di siti noti facevano comunella fra loro, influenzando da dietro le quinte il successo di prodotti/developer. Hilarity ensues.

Successivamente si scopre che più o meno tutti gli Editor e i siti coinvolti fanno riferimento ad ambienti vicini a SJW, ottenendone il supporto. Segue backlash, boicottaggi e liti su twitter.";3;0;0;1;0;0;0;0;0
#gamergate in Italia;msx;certo che a te ti fa proprio schifo mettere un link con un po' di info :);4;0;0;1;0;0;0;0;0
#gamergate in Italia;valfuindor;"La gente ha scoperto l'acqua calda, cioè che le riviste ed i siti fanno i favorini. Aww how cute!

Source: una volta scrivevo di giochini.";8;0;0;1;0;0;0;0;0
#gamergate in Italia;matart91;[Vogliamo i nomi degli Youtubers italiani coinvolti!](http://38.media.tumblr.com/9544b2a88ef18727838fe548a99865f6/tumblr_mttmrgQwLr1rbbezeo1_500.gif);2;0;0;1;0;0;0;0;0
#gamergate in Italia;Mechanicalmind;Come ho già scritto in un altro commento, personalmente ho solo capito perché CoD prende ogni anno 9/10 su mezza internet nonostante sia lo stesso gioco dal 2005. Per il resto, l'ultima rivista di gaming che ho letto è stata PSM quando ancora avevo la playstation 2.;2;0;0;1;0;0;0;0;0
#gamergate in Italia;lucaddi;"Qui ci sono 3-4 articoletti su medium dello stesso autore, che spiegano (più o meno) cosa è successo a fine agosto nell'ambito del QuinnsGate: 
1. https://medium.com/@twitReolo/zoe-quinn-depression-quest-e-quelle-poche-sinapsi-che-vi-passano-nel-cervello-quando-si-parla-di-8309a3b2b454
2. https://medium.com/@twitReolo/zoe-quinn-anita-sarkeesian-phil-fish-e-i-social-justice-warriors-57e200b5b321
3. https://medium.com/@twitReolo/zoe-quinn-the-fine-young-capitalists-e-vivian-james-questa-cosa-ci-sta-evidentemente-sfuggendo-di-afaf382f1f3b
4. https://medium.com/@twitReolo/le-conseguenze-del-quinnsgate-stephen-totilo-e-il-giornalismo-responsabile-1b00138dff09

gli articoli come già detto sono di un mesetto fa, quindi sono utili solo per capire com'è nata tutta la faccenda, non per news fresche";1;0;0;0;0;0;0;0;0
#gamergate in Italia;fantasmaformaggino;">Quanti di voi sono a conoscenza della questione? 

Lurkavo saltuariamente /v/ e quindi la cosa l'ho vista nascere suo momento, dato che quasi dall'inizio ci sono stati almeno 4 thread per ora.

>Qualche sito italiano che conoscete ha preso posizione?

Che io sappia no, non credo sia un problema italiano nonostante sono sicuro che certe cose succedano anche da noi, sjw esclusi (spero).

>Qual è la vostra? 

Poche considerazioni. Trovo schifoso il tentativo di spingere un'agenda politica utilizzando i videogames (medium soprattutto indirizzato a giovani e giovanissimi) qualunque questa sia e ho trovato vergognoso e ridicolo il tentativo di insabbiare il tutto operato sia da reddit che da quasi tutte le altre testate ""so progressive"". Queste due sono le cose che mi hanno colpito e che credo offrano spunti di riflessione. Ripeto, si sapeva che il giornalismo videoludico fosse uno scherzo e che avesse in seno personaggi ridicoli e al limite del ritardo mentale, lo si sapeva da tempo, la differenza è che ora ce ne sono le prove. Questa è comunque una cosa che trovo molto meno interessante.

>E qual è il vostro grado di informazione su quanto sta succedendo?

Credo discretuccio.";1;0;0;1;0;0;0;0;0
#gamergate in Italia;IronMew;">Quanti di voi sono a conoscenza della questione?

Ho letto un ELI5 dopo averla sentita nominare sul forum di TGM.

> Qual è la vostra?

http://i.imgur.com/fM5OWNh.png

> E qual è il vostro grado di informazione su quanto sta succedendo?

Livello da ELI5. Non sono interessato ad approfondirlo. Lo considero tra i più insulsi first world problems di cui mi sia capitato di leggere.";1;0;0;0;0;0;0;0;0
#gamergate in Italia;Deleted;Ma no , vuoi firmi che il 9 ad halo 3 non era onesto ? Nn ci sarei mai arrivato;1;0;0;1;0;0;0;0;0
#gamergate in Italia;rocco88;Non le seguo, però ora capisco come mai Spore abbia 84/100 su metacritic.;1;0;0;1;0;0;0;0;0
#gamergate in Italia;Deleted;"Penso che la mia idea di distaccarsi il più possibile dal ""panorama del gaming"" sia stata un ottima idea. Ormai fra riviste e siti che hanno venduto il culo, youtuber che fomentato schiere di ragazzini e li indirizzano verso l'azienda che più li favoreggia, il fatto che quasi tutte le grandi produzioni sono rivolte solamente a raggirare i bambini e gli adulti meno svegli, più altre piccole cose tipo le fiere dove vedi il giocone tripla A girare con un dettaglio pauroso, poi lo compri, fa schifo, è scopri che alla fiera non girava sulla console ma su un super PC camuffato. 

Ecco: tutto questo mi trasmette un amarezza terribile, tanto che ormai nonostante mi piacciano i videogiochi non mi informo nemmeno più ma mi limito a seguire le uscite dal sito degli skidrow e compro un gioco solo se supera il mio test personale. ";1;0;0;1;0;0;0;0;0
#gamergate in Italia;Deleted;"Ritengo la comunità dei gamer una delle più terrificanti, infantili, retrograde e imbecilli che si siano mai viste. Un covo di coglionazzi che si danno pacche sulle spalle ogni volta che qualcuno di loro la spara più grossa.

Scoprire che i giornalisti di videogame sono anche peggio di come li si dipinga non mi ha stupito più di tanto. Ma non avendo mai messo al centro delle mie decisioni di acquisto, in ambito di gaming, il votino messo in coda all'articolo, la questione non riesco a considerarla ""uno scandalo"". Alcuni dei siti coinvolti per me rimangono comunque autorevoli e piacevoli da leggere, a prescindere di chi si è scopato chi e perché e con quali effetti. Che si sia creato un cartello secondo me è anche normale, e anche qui lo scandalo è molto relativo (un gioco che mi interessa lo giocherei sia se prendesse 7,5 che se prendesse 9,5).

Il casino scaturito dalla messa online di sms privati di quella povera scema di Zoey Quinn ha dato la stura al peggio del peggio del peggio delle community internettare. Uno di quei (tanti) casi in cui gli anti-SJW si sono dimostrati peggiori delle SJW stesse. Ridicoli troll bambineschi (e, proprio perché bambineschi, pericolosi) hanno dimostrato per l'ennesima volta che tra le fila dei gamer c'è il peggio di internet, cosa che al solito va a detrimento di tutta la categoria, e moltiplica per mille tutti i fondamenti degli steretipi che da anni e anni si cerca di combattere.

E chi ancora è convinto che bisogna ""fare casino"" perché ""le cose cambino"" spero abbia meno di 15 anni, altrimenti è il caso che si faccia qualche domanda.";1;0;0;0;0;1;0;0;0
#gamergate in Italia;Deleted;"Sinceramente se uno è veramente un ""gamer"" non dovrebbe perdersi troppo dietro a ste stronzate

Negli anni '90 giocavamo ai videogiochi e basta

Adesso per essere gamer devi metterti a seguire gente che spara stronzate? (tipo Zoe Quinn)

e poi, Depression Quest è un gioco di merda, bastava lasciarlo nel limbo in cui merita di stare";-1;0;0;1;1;1;0;0;0
#gamergate in Italia;insalatadicazzotti;Non ne so un cazzo. Qualche anima pia che abbia voglia di spiegare a grandi linee?;0;0;0;1;0;0;0;0;0
#gamergate in Italia;FrankOBall;"tl;dr: 4chan is kill.";2;0;0;1;0;0;0;0;0
#gamergate in Italia;Mechanicalmind;"> ennesimo gioco top-down indie

Mi è subito venuto in mente Hotline Miami.

E comunque Hail GabeN.";4;0;0;1;0;0;0;0;0
#gamergate in Italia;Mechanicalmind;"Molti giornalisti di videogames di svariate testate online e non hanno una mailing list segreta con cui aumentare l'hype o sputtanare qualcosa a seconda. I gamers l'hanno scoperto, e si sono giusto un attimino incazzati.

Io ho solo capito perché call of duty prende ogni anno 9/10 su mezza internet anche se è lo stesso gioco del 2005.";5;0;0;1;0;1;0;0;0
#gamergate in Italia;joxer;AEAEAEAEAEAEAEAEAEAEAEAEAEAEAEAEAEAEAEAEAEAEAEAEAEAEAEAEAEAEAEAEAEAEAEAEAEAEAEAEAEAEAEAEAEAEAEAEAEAEAEAEAEAEAEAEAEAEAEAEAEAEAEAEAEAEAEAEAEAEAEAEAEAEAEAEAEAEAEAEAEAEAEAEAEAEAEAEAEAEAEAEAEAEAEAEAEAEAEAEAEAEAEAEAEAEAEAEAEAEAEAEAEAEAEAEAEAEAEAEAEAEAEAEAEAEAEAEAEAEAEAEAEAEAEAEAEAEAEAEAEAEAEAE;3;0;0;1;0;0;0;0;0
#gamergate in Italia;ivanover;"Pazzura (ne so niente BTW)  
EDIT: non vedo, mi e' stato spiegato, credevo fosse un altro gamergate, questa volta italiano.";1;0;0;1;0;0;0;0;0
#gamergate in Italia;Mechanicalmind;"Io di recensioni non ne leggo mai. Né di ""professionisti"", né di altri utenti.

Questo fa di me un non gamer?";2;0;0;1;0;0;0;0;0
#gamergate in Italia;Chobeat;Umh, che c'entra questo?;0;0;0;1;0;0;0;0;0
#gamergate in Italia;ionizzatore;Internet drama at its finest;2;0;0;0;0;0;0;0;0
#gamergate in Italia;Chobeat;"Non ne ho ancora trovato uno che riassuma per intero la questione. Va avanti da mesi, sono coinvolte dozzine tra siti, blogger e youtubers.

Un po' di materiale lo trovi su /r/KotakuInAction ";1;0;0;1;0;0;0;0;0
#gamergate in Italia;Valluan;"Questi due li ho trovati (nonostante il sito) abbastanza esaustivi.

http://knowyourmeme.com/memes/events/gamergate

http://knowyourmeme.com/memes/events/quinnspiracy

Poi, come ha detto /u/Chobeat, c'è anche /r/KotakuInAction.";1;0;0;1;0;0;0;0;0
#gamergate in Italia;Chobeat;"Anche io ho scritto per anni e che ci fossero un sacco di favori, mazzette e corruzione lo sanno tutti. Qua però la questione è un po' diversa, perché  c'è una coalizzazione dalla colorazione politica molto forte e radicale che prima non si percepiva.

Per fare il paragone è come se domani si scoprisse che metà dei redattori delle riviste di musica italiane sono neo-fascisti. E se provi a dirlo, loro pubblicano mille articoli per sputtanarti. E se sei giornalista non puoi dire niente perché capo e colleghi sono neo-fascisti pure loro. Questo è ben diverso da farsi favori e pompini a vicenda.";4;0;0;0;1;1;0;0;0
#gamergate in Italia;fantasmaformaggino;C'è una differenza tra ipotizzare tale collegamento (come veniva ipotizzato da anni) e averne le prove tangibili sbattute in faccia, è questo il punto. Che il giornalismo videoludico fosse una mezza barzelletta si sapeva da anni, dato che non è esattamente nuovo a scandali del tipo, almeno per quanto riguarda le testate americane. ;1;0;0;0;0;1;0;0;0
#gamergate in Italia;Deleted;"Secondo me è meritato. Secondo me innovativo, nel senso che non conocevo giochi, prima di spore, che fossero suoi cloni. Non è uno shooter, non è un platform, un rts.. è un genere innovativo, o almeno lo è stato per me.

Che poi l'abbiano sfruttato malissimo, è fuor di dubbio.";1;0;0;1;0;0;0;0;0
#gamergate in Italia;Deleted;[deleted];3;1;0;1;0;0;0;0;0
#gamergate in Italia;krryzi;"Quelli che citi tu non sono ""la comunità"" dei gamer, o almeno non c'è motivo di supporlo. Sono un gruppo di gamers, che in gran parte fanno riferimento alla board /v/, e si dedicano al dossieraggio, minacce, trollaggio ecc. che ora fanno tanto discutere.

Il 99% dei ""gamer"" non fanno casino nel senso che intendi tu. Il peggio che puoi dire di loro è che passano troppo tempo in cameretta/cantina, guarda caso, a fare gaming. E se anche iniziassero a ""fare casino"", lo faranno per chiedere un giornalismo migliore nel campo di loro interesse, non per trollare.";1;0;0;1;0;0;0;0;0
#gamergate in Italia;krryzi;Depression's Quest è solo la spia di un problema generalizzato, cioè che tantissimi giochi 'indie', anche molto ben pubblicizzati dal giornalismo di settore, sono di scarsissima qualità. Di avventure testuali come D'sQ ne uscivano a decine sulle cassette del C=64 e altri home computer degli anni '80, oggi ci si aspetta qualche sforzo in più.;2;0;0;1;0;0;0;0;0
#gamergate in Italia;impiegato_statale;un tipo ha scoperto che la ragazza lo tradiva con una serie di tizi importanti (TM).  Casualmente questi tizi recensivano i videogiochi che scriveva lei.;2;0;0;1;0;0;0;0;0
#gamergate in Italia;xorgol;Ah, ma è 300pd!;5;0;0;1;0;0;0;0;0
#gamergate in Italia;ionizzatore;Peggio, non esisti *{puff}*;3;0;0;1;0;0;0;0;0
#gamergate in Italia;valfuindor;"Io di politico ci vedo ben poco, onestamente, solo del mero maschilismo.

Che, parliamoci chiaro, nell'ambiente non è poi così difficile immaginare esista. Jessica Chobot è diventata famosa perché leccava le PSP e per le tette, non per le doti di giornalista.";5;0;0;1;0;0;0;0;0
#gamergate in Italia;rocco88;"Boh, io l'ho sempre visto come un ""mix"" di vari generi troppo semplificati. Innovativo per il discorso ""evoluzione"" si, però serve a poco se hai un gioco pieno di bug e noioso già dalla seconda partita(ma pure la prima, dopo i 100-200 pianeti ti annoi di fare sempre le stesse missioni). Forse senza tutto l'hype degli anni precedenti(e il nome *Will Wright*) l'avrei visto in una ottica migliore, forse. :) ";1;0;0;1;0;0;0;0;0
#gamergate in Italia;badgirlgoneworse;Dev'essere cambiato qualcosa, dall'ultima volte che ho giocato a Abe e a Resident Evil...;2;0;0;1;0;0;0;0;0
#gamergate in Italia;againstconsole;Sì ma quando hai 12 anni. Poi trovi il gruppo con cui giocare e stai a posto.;1;0;0;1;0;0;0;0;0
#gamergate in Italia;Deleted;"Sembra davvero 300pd allora.

No comunque non gioco online da quando mi hanno bastonato senza pietà a streef fighter 4. Peraltro tutto sto ridicolo manicomio è nato attorno alla scena indie, dove almeno questi tipi di interazione si riescono ad evitare.";1;0;0;1;1;1;0;0;0
#gamergate in Italia;Deleted;"Sì, e costituiscono una parte significativa della community dei gamer, perlomeno la parte più numerosa e vociante. Per la cronaca, sono un gamer anche io, parecchio.

Ma quelli che tu vuoi derubricare a pochi bulletti sono gli stessi che hanno fatto cambiare il finale di mass effect. Gli stessi che hanno fatto chiudere fez2 perché a distanza di anni ancora non hanno perdonato a Phil fish di aver detto che i giochi giapponesi odierni fanno schifo (lo fanno). Gli stessi che infestano la sezione dei commenti dei siti di videogiochi, incazzati perché il loro gioco preferito del momento ha preso mezzo voto in meno di quello che si aspettavano. Non si meritano niente, altro che un giornalismo migliore (che c'è, peraltro, basta andarselo a cercare e/o pagare).

Essù.";1;0;0;1;0;1;0;0;0
#gamergate in Italia;Deleted;Depression Quest ha venduto solo perché chi lo vende ha le tette;0;0;0;1;0;0;0;0;0
#gamergate in Italia;Dhaecktia;"Però la dimensione è ben più vasta.
";1;1;0;1;0;0;0;0;0
#gamergate in Italia;Chobeat;Forse è meglio se approfondisci un po' la questione, mi sa che ti sei perso il grosso degli sviluppi. ;2;0;0;1;0;0;0;0;0
#gamergate in Italia;Deleted;[deleted];2;1;0;1;0;0;0;0;0
#gamergate in Italia;impiegato_statale;"> comunque non gioco online da quando mi hanno bastonato senza pietà a streef fighter 4.

è perché oramai sei vecchio, prova a passare agli scacchi";3;0;0;1;0;0;0;0;0
#gamergate in Italia;lucretiusT;">Gli stessi che hanno fatto chiudere fez2 perché a distanza di anni ancora non hanno perdonato a Phil fish di aver detto che i giochi giapponesi odierni fanno schifo (lo fanno).

No, momento, sono stato dalla parte di Fish da tempi non sospetti, ci sono post miei, sotto uno dei moniker che uso sul vecchio blog di Fez del 2011. Ho la soundtrack e una maglietta e avevo l'hype a mille. Ma Fish è più meno l'esempio di tutto il peggio della scena indie (che è uno dei motivi per cui io non sono più un gamer). E i giochi giapponesi mi fanno anche schifo al cazzo, tanto per chiarire.";1;0;0;1;0;1;0;0;0
#gamergate in Italia;krryzi;"> gli stessi che hanno fatto cambiare il finale di mass effect.

Quella è stata una scelta più che comprensibile, se è vero che il finale originale di ME3 cozzava contro tutto il resto della serie, e non dava nessuno spazio alle precedenti decisioni del giocatore. Poteva andare bene come alternate ending, nulla di più.

Poi, vogliamo davvero giustificare la critica ad un'intera industria del videogioco come quella giapponese, mentre il prodotto di Fish era in netto ritardo sull'uscita? E Fish ne ha combinate tante altre sui social, per questo è stato così criticato. Mollare Fez2 è stata una sua decisione.
";1;0;0;0;0;0;0;0;0
#gamergate in Italia;tsuru_pg;Depression Quest non ha venduto perchè è gratuito.;2;0;0;1;0;0;0;0;0
#gamergate in Italia;valfuindor;Semplicemente vediamo la cosa in due modi differenti.;2;0;0;0;0;0;0;0;0
#gamergate in Italia;badgirlgoneworse;No guarda, era solo un patetico tentativo di ironia. Per intenderci non ho mai giocato su PC, se escludiamo il Tetris e il Gatto di quando i pc non avevano il mouse, solo console e sala giochi.;2;0;0;1;0;1;0;0;0
#gamergate in Italia;Deleted;Dico senza modestia che sono uno scacchista niente male, in altri tempi giocavo assiduamente online. Adesso ho perso un po' di smalto, mi concedo qualche partita ogni tanto live, ma poca roba.;2;0;0;1;0;0;0;0;0
#gamergate in Italia;Deleted;"Intanto fez è un capolavoro, e grazie ai coglioni frustrati non potremmo più avere altri giochi dal creatore di quel capolavoro. Io in un artista tollero gli atteggiamenti provocatori e stravaganti, finché la sua arte mi piace. Da un gamer grasso frustrato no. Una community migliore di questa (e un giornalismo migliore) uno come fish dovrebbe solo coccolarselo, anche negli eccessi.
Altrimenti i call of duty ce li meritiamo.

Prova a fare un parallelo col cinema (che ne so, von trier come Phil fish) e dimmi se gli atteggiamenti degli utenti/spettatori sono paragonabili. ";1;0;0;1;0;0;0;0;0
#gamergate in Italia;Deleted;Ecco appunto. La scelta comprensibile. Cambiatemi il finale perché non mi piace. La morte della visione autoriale. Solo i gamer possono essere così infantili, stupidi e dannosi.;3;0;0;1;0;0;0;0;0
#gamergate in Italia;Deleted;allora devo riconoscere alla tipa che è stata onesta sul prezzo :);0;0;0;1;0;0;0;0;0
#gamergate in Italia;Chobeat;Sì beh ma il tema del maschilismo è passato decisamente in secondo piano. Non è femministe vs bigotti maschi bianchi patriarchisti. È corrotti violenti vs videogiocatori.;2;0;0;1;1;1;0;0;0
#gamergate in Italia;lucretiusT;">Intanto fez è un capolavoro

Te lo posso anche concedere, rimane il fatto che, vuoi per colpa di Berard o chi ti pare, era buggato come il Cristo e ci ha messo 5 anni per svilupparlo. Per carità, non i deve nulla eh (se non il costo del software, che mi ha comunque rimborsato Steam), ma tant'è. Aggiungici un ego smisurato e hai bella ricetta per il disastro. Se poi, come Fish, non sai accettare la minima critica senza andartene portando via il pallone, beh, forse non dovresti fare l'artista. ";2;0;0;1;1;1;0;0;0
#gamergate in Italia;krryzi;Guarda che il finale l'hanno cambiato gli autori, anche se in risposta alla critica. Non c'è niente di stupido nel *criticare* un finale che non piace, tanto più in un videogioco che per sua natura è interattivo. Se poi vuoi salvaguardare la visione autoriale puoi prevedere un alternate ending come ho detto.;-1;0;0;1;0;0;0;0;0
#gamergate in Italia;Deleted;"> violenti 

uh aspè, questa mi sfugge, qualcuno è stato menato per dei videogiochi?";1;0;0;1;0;0;0;0;0
#gamergate in Italia;Deleted;Lui sarà pure un'offendina intrattabile, ma dalla sua uscita di scena (festeggiata come una vittoria dai soliti scemi) a perderci qualcosa siamo noi giocatori. Quindi non capisco cosa ci sia da essere contenti. Andava protetto e tutelato (a noi interesserebbero i giochi, e quelli lui li sapeva fare bene) invece si è preferito fare altro.;0;1;0;1;0;0;0;0;0
#gamergate in Italia;Deleted;Non in risposta alla critica. In risposta al casino online dei gamer. Alle campagne di boicottaggio, al voto per la EA come peggior compagnia d'america (peggio delle multinazionali farmaceutiche). Per me quell'episodio vergognoso è stato una sconfitta per tutti. Che ci siano gamer che ne gioiscono o anche solo che la considerino dovuta è una roba del tutto inconcepibile;1;0;0;0;0;1;0;0;0
#gamergate in Italia;Chobeat;no, però han minacciato, doxato e ricattato alcuni che dissentivano o criticavano.;3;0;0;0;0;0;0;0;0
#gamergate in Italia;lucretiusT;Ma mica son contento eh. Semplicemente non trovo giusto dire che ha lasciato per colpa dei videogiocatori brutti e cattivi. Ha lasciato per motivi suoi, o se preferisci essere più brutale, perché non riesce a reggere la pressione dalla spotlight sotto cui si è messo. Ti comporti come se fossi la cosa migliore mai successa dopo le tette? Beh, ti conviene anche esserlo o saper reggere le critiche.;1;0;0;1;1;1;0;0;0
#gamergate in Italia;againstconsole;Aspè, la EA e merda e su questo non c'è da discuterne, su.;1;0;0;0;0;1;0;0;0
#gamergate in Italia;Deleted;"va beh allora stronzi. 

Scusa, giuro che poi cerco, ma cosa hanno minacciato?";2;0;0;1;0;0;0;0;0
#gamergate in Italia;Deleted;"E infatti lo è. Penso che l'unica cosa che non fosse in discussione, anche tra i troll con la bava alla bocca, era la qualità del suo gioco. Se anche fosse un megalomane (ma se hai visto indie game the movie ti sarai accorto che le cose sono un po' più complicate di così), finché continua a fare giochi di qualità dovresti evitare di cagare il cazzo. Peraltro lui ha sbroccato definitivamente solo nel momento in cui un giornalista di un podcast con un discreto seguito si è comportato come l'ultimo dei troll. Quando cioè anche chi ti dovrebbe difendere e tutelare si schiera con la massa vociante di coglioni che non si meritano nulla.
Per me ha fatto quasi bene ad andarsene via sbattendo la porta.";1;0;0;1;1;1;0;0;0
#gamergate in Italia;Chobeat;sputtanamenti vari, pubblicazione di info personali, mass report degli account twitter, youtube e altri (a parte un ban su twitter, tutti fallimentari), etc etc;1;0;0;0;0;0;0;0;0
#gamergate in Italia;fantasmaformaggino;Tutti. Semplici utenti twitter, comprese donne, developer che hanno parlato a favore della controversia, giornalisti che hanno riportato fatti. Sono arrivati anche a minacciare e diffamare una femminista americana che ha spiegato l'ovvio menzionando ricerche e fatti, ovvero che i videogame non rendono i videogiocatori misogini assassini.;1;1;0;0;1;1;0;0;0
